Order Date,Order ID,Payment Instrument Type,Website,Shipment Date,Shipping Address State,Shipping Address Zip,Order Status,Carrier Name & Tracking Number,Subtotal,Shipping Charge,Tax Before Promotions,Total Promotions,Tax Charged,Total Charged
07/06/07,103-2764742-3491028,Visa - 1453,Amazon.com,07/06/07,MA,01970-1947,Shipped,,$14.40,$9.50,$0.00,$0.00,$0.00,$23.90
09/22/08,104-7596537-6649000,Visa - 1453,Amazon.com,09/23/08,MA,01970-1947,Shipped,UPS(1Z4137VY0340540107),$39.95,$9.99,$0.00,$0.00,$0.00,$49.94
02/11/11,102-5161586-1874623,Gift Certificate/Card,Amazon.com,02/15/11,MA,1970,Shipped,UPS(1Z787Y561244238320),$9.65,$3.43,$0.00,$3.43,$0.00,$9.65
02/11/11,102-5161586-1874623,Gift Certificate/Card,Amazon.com,02/15/11,MA,1970,Shipped,USPS(9102901001302207651788),$23.91,$3.98,$0.00,$3.98,$0.00,$23.91
02/11/11,102-5161586-1874623,Gift Certificate/Card,Amazon.com,02/13/11,MA,1970,Shipped,USPS(9102901001298212501449),$19.95,$2.32,$0.00,$2.32,$0.00,$19.95
03/13/11,102-8263609-3801816,Gift Certificate/Card and MasterCard - 4537,Amazon.com,03/16/11,MA,01970-1947,Shipped,FedEx- Ohio Poster and Prints(398894870240114),$5.33,$6.96,$0.77,$0.00,$0.77,$13.06
08/04/12,103-1389346-6390645,Visa - 2507 and Gift Certificate/Card,Amazon.com,08/06/12,MA,01970-2102,Shipped,LASERSHIP(LI12006289),$27.80,$5.48,$0.00,$5.48,$0.00,$27.80
08/04/12,103-3030284-7147448,Visa - 2507 and Gift Certificate/Card,Amazon.com,08/06/12,MA,01970-2102,Shipped,US Postal Service(9102999999335848599761),$5.76,$0.00,$0.00,$0.00,$0.00,$5.76
06/15/13,110-8382095-7193804,Gift Certificate/Card,Amazon.com,06/17/13,MA,01970-1252,Shipped,USPS(9400111201080125307993),$7.50,$0.00,$0.00,$0.00,$0.00,$7.50
06/22/13,104-9711587-7350669,Visa - 4427,Amazon.com,06/26/13,MA,01970-1252,Shipped,UPS(1ZW2258A0308439105),$199.00,$45.49,$0.00,$45.49,$0.00,$199.00
06/22/13,104-9434759-7112232,Visa - 4427 and Gift Certificate/Card,Amazon.com,06/25/13,MA,01970-1252,Shipped,USPS(9261297641999741052423),$728.20,$12.46,$0.00,$12.46,$0.00,$728.20
06/23/13,104-0907202-1340269,Visa - 4427,Amazon.com,06/24/13,MA,01970-1252,Shipped,USPS(9400110200829841504392),$12.95,$2.95,$0.00,$0.00,$0.00,$15.90
06/26/13,104-6705489-5323435,Visa - 4427,Amazon.com,06/27/13,MA,01970-1252,Shipped,USPS(9102932508025320962563),$4.94,$3.99,$0.00,$0.00,$0.00,$8.93
07/13/13,103-5414589-8603445,Visa - 4427,Amazon.com,07/15/13,MA,01970-1252,Shipped,UPS(1Z602AV71315565903),$31.71,$0.00,$0.00,$0.00,$0.00,$31.71
07/15/13,103-6256228-9085065,Visa - 4427,Amazon.com,07/15/13,MA,01970-1252,Shipped,UPS(1Z88Y72A0302953240),$21.49,$0.00,$0.00,$0.00,$0.00,$21.49
07/16/13,103-9499432-9253819,Visa - 4427,Amazon.com,07/17/13,MA,01970-1252,Shipped,UPS(1Z104AF90286258217),$5.99,$0.00,$0.00,$0.00,$0.00,$5.99
07/16/13,103-1999427-5962612,Visa - 4427,Amazon.com,07/17/13,MA,01970-1252,Shipped,USPS,$0.01,$3.99,$0.00,$0.00,$0.00,$4.00
07/19/13,002-4624116-1071459,Visa - 4427,Amazon.com,07/22/13,MA,01970-1252,Shipped,USPS,$0.28,$3.99,$0.00,$0.00,$0.00,$4.27
07/19/13,002-1624771-5197831,Visa - 4427,Amazon.com,07/20/13,MA,01970-1252,Shipped,USPS(9274897641999852008148),$7.49,$0.00,$0.00,$0.00,$0.00,$7.49
07/20/13,002-0800188-7033028,Visa - 4427,Amazon.com,07/21/13,MA,01970-1252,Shipped,LASERSHIP(LB10946554),$16.50,$0.00,$0.00,$0.00,$0.00,$16.50
07/21/13,002-1768148-8908217,Visa - 4427,Amazon.com,07/23/13,MA,01970-1252,Shipped,HongKong post(30217900300),$3.90,$0.00,$0.00,$0.00,$0.00,$3.90
07/21/13,002-4023156-5184229,Visa - 4427,Amazon.com,07/22/13,MA,01970-1252,Shipped,USPS(9449011201238279528333),$13.00,$3.99,$0.00,$0.00,$0.00,$16.99
07/21/13,002-9833060-6517038,Visa - 4427,Amazon.com,07/23/13,MA,01970-1252,Shipped,UPS(1Z602A8W0304664882),$49.68,$0.00,$0.00,$0.00,$0.00,$49.68
07/30/13,002-9387624-4820251,Visa - 4427,Amazon.com,07/30/13,MA,01970-1252,Shipped,SMARTPOST(9274890100131309683846),$9.07,$0.00,$0.00,$0.00,$0.00,$9.07
08/02/13,002-4392012-7446617,Visa - 2507,Amazon.com,08/03/13,MA,1970,Shipped,SMARTPOST(9274897642094920971955),$6.48,$0.00,$0.00,$0.00,$0.00,$6.48
08/26/13,112-6099673-5616256,Visa - 4427,Amazon.com,08/27/13,California,90007,Shipped,UPS(1Z85V8600337358218),$30.76,$0.00,$2.77,$0.00,$2.77,$33.53
08/26/13,112-6099673-5616256,Visa - 4427,Amazon.com,08/27/13,California,90007,Shipped,ONTRAC(C11121574850087),$41.11,$0.00,$3.70,$0.00,$3.70,$44.81
08/29/13,112-4406503-4688213,Gift Certificate/Card and Visa - 4427,Amazon.com,08/30/13,California,90007,Shipped,FEDEX(568114563589),$72.88,$0.00,$6.55,$0.00,$6.55,$79.43
08/29/13,112-4406503-4688213,Gift Certificate/Card and Visa - 4427,Amazon.com,08/30/13,California,90007,Shipped,USPS(9205590105244310341743),$11.29,$0.00,$1.02,$0.00,$1.02,$12.31
08/30/13,112-2867017-9584245,Visa - 4427,Amazon.com,08/31/13,California,90007,Shipped,UPS(1ZW0Y0810338287751),$31.10,$0.00,$2.80,$0.00,$2.80,$33.90
09/10/13,112-1836701-8308209,Visa - 4427,Amazon.com,09/11/13,California,90007,Shipped,UPS(1Z17RV330353912770),$7.49,$0.00,$0.67,$0.00,$0.67,$8.16
09/10/13,112-8049154-4141024,Visa - 4427,Amazon.com,09/11/13,California,90007,Shipped,USPS(9400110200882894363590),$14.00,$2.49,$1.26,$0.00,$1.26,$17.75
09/10/13,112-5560733-4509832,Visa - 2507,Amazon.com,09/11/13,MA,1970,Shipped,LASERSHIP(LP12028007),$88.14,$0.00,$0.00,$0.00,$0.00,$88.14
09/13/13,112-2843588-7413028,Visa - 4427,Amazon.com,09/16/13,California,90007,Shipped,USPS(9341989949158100390257),$13.80,$0.00,$1.24,$0.00,$1.24,$15.04
09/16/13,112-3464559-1273823,Visa - 4427,Amazon.com,09/18/13,California,90007,Shipped,FedEx(02931505596064089176),$5.51,$7.98,$1.01,$0.00,$1.01,$14.50
09/16/13,112-7743093-8536253,Visa - 4427,Amazon.com,09/17/13,California,90007,Shipped,"USPS(LN120097160CN),USPS(LN120097160CN)",$22.94,$0.00,$0.00,$0.00,$0.00,$22.94
10/04/13,110-0982256-5497029,Visa - 4427,Amazon.com,10/04/13,California,90007,Shipped,USPS(9361289949110100979820),$97.75,$0.00,$3.93,$0.00,$3.93,$101.68
10/04/13,110-0982256-5497029,Visa - 4427,Amazon.com,10/05/13,California,90007,Shipped,USPS(9374889949124101383919),$7.09,$0.00,$0.64,$0.00,$0.64,$7.73
10/15/13,110-9050301-0565061,Visa - 4427,Amazon.com,10/15/13,California,90007,Shipped,ONTRAC(C11121585783136),$17.35,$0.00,$1.51,$0.50,$1.51,$18.36
10/15/13,110-9050301-0565061,Visa - 4427,Amazon.com,10/15/13,California,90007,Shipped,UPS(1Z602AW60272777518),$9.90,$0.00,$0.00,$0.00,$0.00,$9.90
10/19/13,110-3317465-1035466,Visa - 4427,Amazon.com,10/21/13,MA,01970-1252,Shipped,SMARTPOST(9274890100131314316166),$7.99,$0.00,$0.00,$0.00,$0.00,$7.99
10/22/13,110-3901314-2137809,Visa - 4427,Amazon.com,10/23/13,California,90007,Shipped,USPS(9400110200882940240950),$5.64,$4.00,$0.00,$0.00,$0.00,$9.64
10/22/13,110-5914393-0025003,Visa - 4427,Amazon.com,10/23/13,California,90007,Shipped,USPS(9361289949124102955133),$26.37,$0.00,$2.38,$0.00,$2.38,$28.75
10/27/13,108-2586564-6481065,Visa - 4427,Amazon.com,10/28/13,California,90007,Shipped,USPS(9361289949124103251388),$25.37,$0.00,$2.27,$0.00,$2.27,$27.64
11/10/13,116-0386906-7633847,Visa - 4427,Amazon.com,11/11/13,California,90007,Shipped,USPS(9361289949137102915564),$16.79,$0.00,$1.51,$0.00,$1.51,$18.30
12/02/13,116-9721212-0123438,Visa - 4427,Amazon.com,12/03/13,MA,01970-1252,Shipped,FEDEX(564427859315),$86.63,$0.00,$3.12,$36.64,$3.12,$53.11
12/02/13,116-1971140-1079437,Visa - 4427,Amazon.com,12/03/13,MA,01970-1252,Shipped,CHINA POST(LN173069789CN),$9.10,$0.00,$0.00,$0.00,$0.00,$9.10
12/02/13,116-4546913-0722642,Visa - 4427,Amazon.com,12/03/13,MA,01970-1252,Shipped,UPS(1Z602AV70333738210),$35.79,$0.00,$2.23,$0.00,$2.23,$38.02
12/10/13,116-9096852-3101855,Visa - 4427,Amazon.com,12/11/13,California,90007,Shipped,UPS(1ZE806E20300032664),$7.17,$0.00,$0.65,$0.00,$0.65,$7.82
12/12/13,116-4738106-4361025,Visa - 4427,Amazon.com,12/13/13,MA,01970-1252,Shipped,USPS(9400110200881005402357),$4.27,$2.99,$0.00,$0.00,$0.00,$7.26
12/12/13,116-7536895-3468244,Visa - 4427,Amazon.com,12/12/13,MA,01970-1252,Shipped,FEDEX(541811684035),$11.05,$0.00,$0.69,$0.00,$0.69,$11.74
01/13/14,002-8805459-8437042,Visa - 4427,Amazon.com,01/14/14,California,90007,Shipped,UPS(1ZA869581301636457),$18.75,$0.00,$1.69,$0.00,$1.69,$20.44
01/13/14,002-3676191-4916204,Visa - 4427,Amazon.com,01/14/14,California,90007,Shipped,USPS(9341989949137104276392),$25.26,$0.00,$2.27,$0.00,$2.27,$27.53
01/13/14,002-9469040-1181868,Visa - 4427,Amazon.com,01/14/14,California,90007,Shipped,UPS(1ZA869581301636457),$25.27,$0.00,$2.27,$0.00,$2.27,$27.54
01/13/14,002-9341503-2567453,Visa - 4427,Amazon.com,01/14/14,California,90007,Shipped,FedEx(74893150559638771861),$4.08,$3.99,$0.00,$0.00,$0.00,$8.07
01/20/14,002-2080934-4937839,Visa - 4427,Amazon.com,01/20/14,California,90007,Shipped,UPS(1ZW0Y5440201471227),$17.53,$0.00,$1.58,$0.00,$1.58,$19.11
02/14/14,002-1141130-6658658,Visa - 4427,Amazon.com,02/25/14,MA,01970-1252,Shipped,SMARTPOST(9241992700352546021445),$5.98,$0.00,$0.37,$0.00,$0.37,$6.35
02/15/14,002-8423903-2701017,Visa - 4427,Amazon.com,02/15/14,California,90007,Shipped,USPS(9361289949158128697807),$10.00,$0.00,$0.00,$0.00,$0.00,$10.00
02/21/14,002-7157010-2681858,Visa - 4427,Amazon.com,02/21/14,California,90007,Shipped,USPS(9374889949158125480446),$9.99,$0.00,$0.00,$0.00,$0.00,$9.99
02/21/14,002-7257617-2609014,Visa - 4427,Amazon.com,02/21/14,California,90007,Shipped,USPS(9400111899560028884856),$6.15,$0.00,$0.00,$0.00,$0.00,$6.15
02/27/14,002-5999253-2287456,Visa - 4427,Amazon.com,02/28/14,California,90007,Shipped,USPS(9374889949158126555259),$18.50,$0.00,$1.67,$0.00,$1.67,$20.17
02/27/14,002-5999253-2287456,Visa - 4427,Amazon.com,02/28/14,California,90007,Shipped,USPS(9361289949137112712528),$14.99,$0.00,$1.35,$0.00,$1.35,$16.34
03/05/14,102-1211793-6914619,Visa - 4427,Amazon.com,03/06/14,California,90007,Shipped,USPS(9374889949124111510664),$12.99,$0.00,$1.17,$0.00,$1.17,$14.16
04/15/14,102-0628105-7893003,Visa - 4427,Amazon.com,04/16/14,MA,01970-1252,Shipped,UPS(1Z88Y7Y21303403088),$6.15,$0.00,$0.00,$0.00,$0.00,$6.15
04/27/14,102-2515762-1309843,Visa - 4427,Amazon.com,04/29/14,California,90007,Shipped,USPS(9374889949137113420794),$7.45,$0.00,$0.00,$0.00,$0.00,$10.94
06/10/14,104-2515150-3908215,Visa - 4427,Amazon.com,06/11/14,MA,01970-1252,Shipped,LASERSHIP(LA41094910),$111.45,$0.00,$6.97,$0.00,$6.97,$118.42
08/02/14,105-9817544-4841828,Visa - 4427,Amazon.com,08/04/14,MA,01970-1252,Shipped,SMARTPOST(9274890100131323552814),$39.96,$0.00,$2.50,$0.00,$2.50,$42.46
08/25/14,103-9647535-6916268,Visa - 4427,Amazon.com,08/25/14,CALIFORNIA,90007-3642,Shipped,UPS(1ZA84V840201933842),$33.98,$0.00,$3.06,$0.00,$3.06,$37.04
08/25/14,103-2378830-5553041,Visa - 4427,Amazon.com,08/25/14,CALIFORNIA,90007-3642,Shipped,UPS(1ZA84V840201933842),$55.46,$0.00,$4.99,$0.00,$4.99,$60.45
08/26/14,103-3339794-2825845,Visa - 4427,Amazon.com,08/27/14,CALIFORNIA,90007-3642,Shipped,USPS(9361289949158176116329),$42.70,$0.00,$3.84,$0.00,$3.84,$46.54
08/26/14,103-7452614-2333000,Visa - 4427,Amazon.com,08/27/14,CALIFORNIA,90007-3642,Shipped,USPS(9361289877983100104493),$44.99,$0.00,$0.00,$0.00,$0.00,$44.99
08/26/14,103-7452614-2333000,Visa - 4427,Amazon.com,08/27/14,CALIFORNIA,90007-3642,Shipped,USPS(9361289949158176116329),$61.95,$0.00,$1.05,$5.50,$1.05,$57.50
09/02/14,103-4786959-3516262,Visa - 4427,Amazon.com,09/03/14,CALIFORNIA,90007-3642,Shipped,USPS(9374889877983100196180),$15.90,$0.00,$1.44,$0.00,$1.44,$17.34
09/02/14,103-4786959-3516262,Visa - 4427,Amazon.com,09/03/14,CALIFORNIA,90007-3642,Shipped,USPS(9361289949158177597554),$57.87,$0.00,$3.43,$0.00,$3.43,$61.30
09/12/14,103-1080018-0669052,Visa - 4427,Amazon.com,09/14/14,CALIFORNIA,90007-3642,Shipped,USPS(9361289949158179960905),$8.19,$0.00,$0.00,$0.00,$0.00,$8.19
09/12/14,103-1080018-0669052,Visa - 4427,Amazon.com,09/13/14,CALIFORNIA,90007-3642,Shipped,USPS(9361289877983100485356),$19.99,$0.00,$1.80,$0.00,$1.80,$21.79
10/06/14,103-1592965-3249847,Visa - 4427,Amazon.com,10/07/14,CALIFORNIA,90007-3642,Shipped,USPS,$0.03,$3.99,$0.00,$0.00,$0.00,$4.02
10/06/14,103-5953846-7789825,Visa - 4427,Amazon.com,10/08/14,CALIFORNIA,90007-3642,Shipped,USPS(9341989877983100333416),$8.11,$0.00,$0.73,$0.00,$0.73,$8.84
10/06/14,103-5953846-7789825,Visa - 4427,Amazon.com,10/07/14,CALIFORNIA,90007-3642,Shipped,UPS(1ZWX24833A00174266),$13.91,$0.00,$1.25,$0.00,$1.25,$15.16
10/12/14,103-3895416-6902668,Visa - 4427,Amazon.com,10/13/14,CALIFORNIA,90007-3642,Shipped,USPS(9374889949158167244846),$14.99,$0.00,$1.35,$0.00,$1.35,$16.34
10/27/14,103-1527777-9687464,Visa - 4427,Amazon.com,11/25/14,MA,01970-1252,Shipped,UPS(1ZX065V80202464673),$39.00,$0.00,$1.19,$20.00,$1.19,$20.19
10/27/14,103-2845609-5382609,Visa - 4427,Amazon.com,10/28/14,CALIFORNIA,90007-3642,Shipped,USPS(9341989949166104356025),$9.03,$0.00,$0.81,$0.00,$0.81,$9.84
10/27/14,103-3964230-9606628,Visa - 4427,Amazon.com,10/28/14,CALIFORNIA,90007-3642,Shipped,DHL Global Mail(9241999996347401112813),$1.99,$3.99,$0.00,$0.00,$0.00,$5.98
11/03/14,103-1212591-8697858,Visa - 4427,Amazon.com,11/04/14,CALIFORNIA,90007-3642,Shipped,USPS(9341989949124107224932),$11.57,$0.00,$1.04,$0.00,$1.04,$12.61
11/29/14,103-1555445-1777830,Visa - 4427,Amazon.com,11/30/14,MA,01970-1252,Shipped,UPS(1ZW0Y008YN00969115),$26.98,$0.00,$1.69,$0.00,$1.69,$28.67
11/30/14,103-5789990-2476241,Visa - 4427,Amazon.com,12/01/14,CALIFORNIA,90007-3642,Shipped,ONTRAC(C11229418223574),$6.83,$5.99,$1.15,$0.00,$1.15,$13.97
12/19/14,103-6591758-8136255,Visa - 4427,Amazon.com,12/20/14,MA,01970-1252,Shipped,USPS(9341989878900510336966),$8.11,$0.00,$0.51,$0.00,$0.51,$8.62
12/20/14,103-3520118-2659416,Visa - 4427,Amazon.com,12/21/14,MA,01970-1252,Shipped,USPS(9361289878905912209080),$19.99,$0.00,$1.25,$0.00,$1.25,$21.24
01/26/15,103-9765020-4995444,Visa - 4427 and Gift Certificate/Card,Amazon.com,01/27/15,MA,01970-1252,Shipped,UPS(1Z88Y72A0329571835),$30.49,$0.00,$1.90,$0.00,$1.90,$32.39
01/28/15,103-7061647-2633047,Visa - 4427,Amazon.com,01/28/15,MA,01970-1252,Shipped,USPS(9341989878903310903956),$8.09,$0.00,$0.51,$0.00,$0.51,$8.60
01/30/15,103-6150852-2349043,Visa - 4427,Amazon.com,01/31/15,MA,01970-1252,Shipped,FEDEX(610998516357),$33.99,$0.00,$0.00,$0.00,$0.00,$33.99
01/30/15,103-6150852-2349043,Visa - 4427,Amazon.com,02/01/15,MA,01970-1252,Shipped,USPS(9374889878906011191081),$7.99,$0.00,$0.00,$0.00,$0.00,$7.99
01/30/15,103-6150852-2349043,Visa - 4427,Amazon.com,01/30/15,MA,01970-1252,Shipped,USPS(9361289878905915137113),$17.35,$0.00,$1.08,$0.00,$1.08,$18.43
02/05/15,103-8913999-9577841,Visa - 4427,Amazon.com,02/06/15,MA,01970-1252,Shipped,USPS(9361289878903316278985),$8.99,$0.00,$0.00,$0.00,$0.00,$8.99
02/06/15,103-4776412-4499408,Visa - 2507,Amazon.com,02/06/15,MA,01970-1252,Shipped,USPS(9361289878905915540623),$18.06,$0.00,$1.13,$0.00,$1.13,$19.19
04/14/15,103-5844539-1456231,Visa - 4427,Amazon.com,04/15/15,MA,1970,Shipped,USPS(9341989878903312245221),$6.78,$0.00,$0.42,$0.00,$0.42,$7.20
06/18/15,108-3841027-2617802,Visa - 9780,Amazon.com,06/22/15,MA,01970-1252,Shipped,USPS(9361289878908420740618),$82.78,$0.00,$5.17,$0.00,$5.17,$87.95
06/18/15,108-3841027-2617802,Visa - 9780,Amazon.com,06/29/15,MA,01970-1252,Shipped,SMARTPOST(9274892700352519010538),$119.00,$0.00,$7.44,$0.00,$7.44,$126.44
06/30/15,105-0700619-3333004,Visa - 9780,Amazon.com,07/02/15,MA,01970-1252,Shipped,USPS(9361289878908422434157),$42.71,$0.00,$0.67,$0.00,$0.67,$43.38
07/15/15,107-2131669-2241022,Visa - 9780,Amazon.com,07/16/15,MA,01970-1252,Shipped,USPS(9361289878908424761787),$26.99,$0.00,$0.00,$0.00,$0.00,$26.99
08/20/15,108-2662705-7789818,Visa - 9780,Amazon.com,08/20/15,CA,90007-2338,Shipped,ONTRAC(C11228969840275),$161.84,$30.93,$8.91,$30.93,$8.91,$170.75
08/20/15,108-5524378-8253810,Visa - 9780,Amazon.com,08/21/15,CA,90007-2338,Shipped,UPS(1Z75A87E0395893128),$16.49,$0.00,$1.48,$0.00,$1.48,$17.97
08/20/15,108-8778583-8574627,Visa - 9780,Amazon.com,08/22/15,CA,90007-2338,Shipped,UPS(1Z1739950337959148),$28.46,$0.00,$2.57,$0.00,$2.57,$31.03
08/20/15,108-8778583-8574627,Visa - 9780,Amazon.com,08/21/15,CA,90007-2338,Shipped,AMZN_US(TBA002662865142),$9.79,$0.00,$0.00,$0.00,$0.00,$9.79
08/21/15,108-6724415-8816201,Visa - 9780,Amazon.com,08/22/15,CA,90007-2338,Shipped,ONTRAC(C11229541761673),$57.99,$5.99,$0.00,$5.99,$0.00,$57.99
08/25/15,108-5935165-4743440,Visa - 9780,Amazon.com,08/25/15,CA,90007-2338,Shipped,ONTRAC(C11229457958827),$50.70,$8.98,$1.17,$8.98,$1.17,$51.87
08/25/15,108-9295185-4255410,Visa - 9780,Amazon.com,08/28/15,CA,90007-2338,Shipped,FedEx(589599186167130),$24.76,$0.00,$2.23,$0.00,$2.23,$26.99
09/24/15,108-5307532-6200263,Visa - 9780,Amazon.com,09/24/15,CA,90007-2338,Shipped,USPS(9361289949166134905434),$21.64,$0.00,$1.37,$0.00,$1.37,$23.01
09/24/15,108-5307532-6200263,Visa - 9780,Amazon.com,09/26/15,CA,90007-2338,Shipped,UPS(1ZE1260F1305930280),$39.99,$0.00,$3.60,$0.00,$3.60,$43.59
10/09/15,002-2671983-2840257,Visa - 9780,Amazon.com,10/09/15,CA,90007-2338,Shipped,ONTRAC(C11229547513911),$49.97,$5.99,$4.50,$5.99,$4.50,$54.47
10/09/15,002-8215348-7085044,Visa - 9780,Amazon.com,10/09/15,CA,90007-2338,Shipped,USPS(9361289949166135913612),$24.99,$0.00,$0.00,$0.00,$0.00,$24.99
10/27/15,106-5512210-9837010,Visa - 7632,Amazon.com,10/28/15,CA,90007-2338,Shipped,ONTRAC(C11229468365607),$16.04,$5.99,$1.98,$0.00,$1.98,$24.01
10/27/15,106-0817322-7840213,Visa - 7632,Amazon.com,10/28/15,CA,90007-2338,Shipped,ONTRAC(C11229468387263),$10.44,$0.00,$0.94,$0.00,$0.94,$11.38
12/12/15,002-2304815-2167434,Visa - 7632,Amazon.com,12/12/15,CA,90007-2338,Shipped,USPS(9374889949158141419444),$19.99,$0.00,$0.00,$0.00,$0.00,$19.99
02/02/16,113-4392102-7373056,Visa - 9780,Amazon.com,02/04/16,CA,90007-2338,Shipped,USPS(9361289949137174072042),$84.15,$0.00,$7.57,$0.00,$7.57,$91.72
02/09/16,113-7034508-2257852,Visa - 7632,Amazon.com,02/11/16,CA,90007-2338,Shipped,USPS(9341989949137124567661),$8.40,$0.00,$0.76,$0.00,$0.76,$9.16
02/20/16,113-4661176-0808255,Visa - 9780,Amazon.com,02/22/16,CA,90007-2338,Shipped,FEDEX(549613277821),$77.99,$0.00,$0.00,$0.00,$0.00,$77.99
02/23/16,113-3119015-9063439,Visa - 9780,Amazon.com,02/24/16,CA,90007-2338,Shipped,USPS(9361289692090004366603),$33.97,$0.00,$0.72,$0.00,$0.72,$34.69
04/03/16,110-1206225-1538629,Visa - 9780,Amazon.com,04/04/16,CA,90007-2338,Shipped,USPS(9361289692090040717872),$8.09,$0.00,$0.73,$0.00,$0.73,$8.82
04/03/16,110-0284324-7044203,Visa - 9780,Amazon.com,04/04/16,CA,90007-2338,Shipped,USPS(9361289692090040717872),$7.72,$0.00,$0.00,$0.00,$0.00,$7.72
04/24/16,107-9327312-1265827,Visa - 9780,Amazon.com,04/25/16,CA,90007-2338,Shipped,USPS(9374889692090043395738),$14.24,$0.00,$1.28,$0.00,$1.28,$15.52
07/08/16,107-0162302-0163431,Visa - 9780,Amazon.com,07/08/16,CA,90003-1110,Shipped,ONTRAC(C12340003193078),$49.99,$0.00,$4.50,$0.00,$4.50,$54.49
07/25/16,113-7971889-1989008,Gift Certificate/Card and Visa - 7632,Amazon.com,07/26/16,MA,01970-1252,Shipped,AMZN_US(TBA043970964000),$27.94,$0.00,$1.75,$0.00,$1.75,$29.69
09/21/16,113-5904920-8209039,American Express - 1003,Amazon.com,09/22/16,IL,60640-6107,Shipped,AMZN_US(TBA079926588000),$19.87,$0.00,$0.00,$0.00,$0.00,$19.87
09/21/16,113-5904920-8209039,American Express - 1003,Amazon.com,09/22/16,IL,60640-6107,Shipped,USPS(9374889682090095646041),$20.82,$0.00,$0.61,$0.00,$0.61,$21.43
09/21/16,113-5959458-8335421,American Express - 1003,Amazon.com,09/22/16,IL,60640-6107,Shipped,United Parcel Service(1ZA5274Y0304283038),$57.99,$0.00,$3.62,$0.00,$3.62,$61.61
09/27/16,113-5390568-0960204,American Express - 1003,Amazon.com,09/30/16,IL,60640-6107,Shipped,USPS(9374889682018810132969),$9.99,$0.00,$0.00,$0.00,$0.00,$9.99
09/27/16,113-9780239-5058661,American Express - 1003,Amazon.com,09/28/16,IL,60640-6107,Shipped,AMZN_US(TBA083393869000),$31.48,$0.00,$1.97,$0.00,$1.97,$33.45
10/17/16,103-8578530-5113815,American Express - 1003,Amazon.com,10/18/16,MA,1970,Shipped,USPS(9374889684090082391839),$19.95,$0.00,$0.00,$3.00,$0.00,$16.95
12/05/16,108-9027372-2172256,American Express - 1003,Amazon.com,12/06/16,CA,90024-5324,Shipped,USPS(9400111699000474552821),$32.88,$0.00,$0.00,$0.00,$0.00,$32.88
12/11/16,108-7835719-0259432,American Express - 1003,Amazon.com,12/12/16,IL,60654-6269,Shipped,UPS(1ZY2F2450300734191),$33.28,$0.00,$0.29,$4.51,$0.29,$29.06
12/31/16,108-6747309-7653000,Gift Certificate/Card and American Express - 1003,Amazon.com,01/02/17,MA,01970-1252,Shipped,UPS(1Z88Y70Y0331894932),$5.98,$0.00,$0.37,$0.00,$0.37,$6.35
12/31/16,108-6747309-7653000,Gift Certificate/Card and American Express - 1003,Amazon.com,01/02/17,MA,01970-1252,Shipped,USPS(9341989684090036980965),$15.00,$0.00,$0.94,$0.00,$0.94,$15.94
12/31/16,108-6747309-7653000,Gift Certificate/Card and American Express - 1003,Amazon.com,01/01/17,MA,01970-1252,Shipped,USPS(9361289684090160668376),$20.25,$0.00,$1.26,$0.00,$1.26,$21.51
02/04/17,102-1244959-9613050,American Express - 1003,Amazon.com,02/04/17,IL,60640-6107,Shipped,USPS(9374889682090211683844),$5.88,$0.00,$0.51,$0.00,$0.51,$6.39
02/04/17,102-9216966-9155455,American Express - 1003,Amazon.com,02/05/17,IL,60640-6107,Shipped,USPS(9400111699000108302204),$13.75,$0.00,$0.00,$0.00,$0.00,$13.75
02/17/17,115-1377335-3492245,American Express - 1003,Amazon.com,02/17/17,IL,60640-6107,Shipped,,$1.49,$0.00,$0.00,$0.00,$0.00,$1.49
02/17/17,115-4133264-6036200,American Express - 1003,Amazon.com,02/17/17,IL,60640-6107,Shipped,AMZN_US(TBA191551715000),$26.99,$0.00,$0.00,$0.00,$0.00,$26.99
02/17/17,115-4133264-6036200,American Express - 1003,Amazon.com,02/17/17,IL,60640-6107,Shipped,AMZN_US(TBA191546716000),$133.90,$0.00,$6.12,$0.00,$6.12,$140.02
03/14/17,106-9089524-4617801,American Express - 1003,Amazon.com,03/15/17,TX,77002-9662,Shipped,UPS(1ZX22W560255965278),$70.99,$0.00,$5.86,$0.00,$5.86,$76.85
03/14/17,106-9532257-4739469,American Express - 1003,Amazon.com,03/16/17,TX,77002-9662,Shipped,UPS(1Z306A450350441992),$25.99,$0.00,$0.00,$0.00,$0.00,$25.99
03/16/17,104-7840392-7206664,American Express - 1003,Amazon.com,03/17/17,TX,77002-9662,Shipped,AMZN_US(TBA215770999000),$10.99,$0.00,$0.00,$0.00,$0.00,$10.99
03/16/17,104-7840392-7206664,American Express - 1003,Amazon.com,03/17/17,TX,77002-9662,Shipped,AMZN_US(TBA215532828000),$47.47,$0.00,$0.00,$0.00,$0.00,$47.47
03/28/17,116-0515789-6946606,American Express - 1003,Amazon.com,03/29/17,TX,77002-9662,Shipped,UPS(1ZX601X80311478461),$448.00,$0.00,$0.00,$0.00,$0.00,$448.00
03/28/17,116-4151814-9901814,American Express - 1003,Amazon.com,03/29/17,TX,77002-9662,Shipped,AMZN_US(TBA227486441000),$61.93,$0.00,$4.04,$0.00,$4.04,$65.97
03/28/17,116-4534485-4806645,American Express - 1003,Amazon.com,03/29/17,TX,77002-9662,Shipped,UPSMI(92748922590001583019348078),$59.00,$0.00,$0.00,$0.00,$0.00,$59.00
03/28/17,116-4903151-8082667,American Express - 1003,Amazon.com,03/29/17,TX,77002-9662,Shipped,UPS(1Z0X118A3592254085),$648.00,$0.00,$0.00,$0.00,$0.00,$648.00
04/23/17,114-6079770-5229814,American Express - 1003,Amazon.com,04/24/17,TX,77002-9662,Shipped,AMZN_US(TBA254403621000),$25.99,$0.00,$0.00,$0.00,$0.00,$25.99
05/23/17,114-9440441-4746609,American Express - 1003,Amazon.com,05/24/17,MA,01970-1252,Shipped,LASERSHIP(LX09904985),$137.36,$0.00,$3.42,$9.20,$3.42,$131.58
05/23/17,114-1713988-1810637,American Express - 1003,Amazon.com,05/24/17,MA,01970-1252,Shipped,USPS(9361289684090238212579),$23.49,$0.00,$1.47,$0.00,$1.47,$24.96
05/25/17,114-3685888-7233829,American Express - 1003,Amazon.com,05/26/17,MA,01970-1252,Shipped,USPS(9361289684090239427507),$10.74,$0.00,$0.67,$0.00,$0.67,$11.41
05/28/17,114-2702912-0997062,American Express - 1003,Amazon.com,05/28/17,MA,01970-1252,Shipped,"FedEx(74893150559663191498),FedEx(74893150559663191498)",$15.57,$0.00,$0.00,$0.00,$0.00,$15.57
05/28/17,114-3225400-3623404,American Express - 1003,Amazon.com,05/29/17,MA,01970-1252,Shipped,USPS(9361289684090240921322),$63.98,$0.00,$3.12,$0.00,$3.12,$67.10
06/14/17,114-0290699-3006644,American Express - 1003,Amazon.com,06/15/17,MA,01970-1252,Shipped,USPS(9374889684090221116996),$14.86,$0.00,$0.00,$0.00,$0.00,$14.86
06/17/17,114-0842575-6807411,American Express - 1003,Amazon.com,06/18/17,MA,01970-1252,Shipped,USPS(9361289684090254515623),$55.99,$0.00,$0.00,$0.00,$0.00,$55.99
06/17/17,114-0842575-6807411,American Express - 1003,Amazon.com,06/17/17,MA,01970-1252,Shipped,USPS(9361289684090254104681),$12.45,$0.00,$0.00,$0.00,$0.00,$12.45
06/17/17,114-8514945-8707415,American Express - 1003,Amazon.com,06/17/17,MA,01970-1252,Shipped,USPS(9361289684090254104681),$7.68,$0.00,$0.48,$0.00,$0.48,$8.16
06/27/17,111-6163163-1001854,American Express - 1003,Amazon.com,06/28/17,MA,01970-1252,Shipped,USPS(9374889684090228262405),$15.99,$0.00,$1.00,$0.00,$1.00,$16.99
07/10/17,111-8529442-6537845,American Express - 1003,Amazon.com,07/11/17,MA,01970-1252,Shipped,USPS(9374889684090235183083),$49.96,$0.00,$2.43,$11.01,$2.43,$41.38
07/30/17,111-7845095-7261867,American Express - 1003,Amazon.com,07/30/17,MA,01970-1252,Shipped,USPS(9361289684090284089699),$125.99,$0.00,$7.87,$0.00,$7.87,$133.86
08/11/17,111-2498028-1333853,Visa - 7632,Amazon.com,08/11/17,CA,90007-4396,Shipped,ONTRAC(C12340352848845),$92.93,$5.99,$2.77,$5.99,$2.77,$95.70
08/11/17,111-5636016-3530653,Visa - 7632,Amazon.com,08/12/17,CA,90007-4396,Shipped,AMZN_US(TBA396132855000),$89.99,$0.00,$8.32,$0.00,$8.32,$104.31
08/11/17,111-5636016-3530653,Visa - 7632,Amazon.com,08/12/17,CA,90007-4396,Shipped,AMZN_US(TBA396290847000),$54.98,$0.00,$5.08,$0.00,$5.08,$60.06
08/11/17,111-5636016-3530653,Visa - 7632,Amazon.com,08/12/17,CA,90007-4396,Shipped,AMZN_US(TBA396034649000),$9.88,$0.00,$0.00,$0.00,$0.00,$9.88
08/12/17,111-3886702-4265008,Visa - 7632,Amazon.com,08/12/17,CA,90007-4396,Shipped,AMZN_US(TBA397303423000),$57.99,$0.00,$5.36,$0.00,$5.36,$63.35
08/12/17,111-3886702-4265008,Visa - 7632,Amazon.com,08/13/17,CA,90007-4396,Shipped,AMZN_US(TBA397746919000),$18.48,$0.00,$0.00,$0.00,$0.00,$18.48
08/12/17,111-3886702-4265008,Visa - 7632,Amazon.com,08/13/17,CA,90007-4396,Shipped,AMZN_US(TBA396998559000),$36.59,$0.00,$0.00,$0.00,$0.00,$36.59
08/12/17,111-8591308-3594626,Visa - 7632,Amazon.com,08/13/17,CA,90007-4396,Shipped,AMZN_US(TBA397746919000),$14.93,$0.00,$1.38,$0.00,$1.38,$16.31
08/12/17,111-1078203-8845012,Visa - 7632,Amazon.com,08/14/17,CA,90007-4396,Shipped,USPS(9374889692090546680393),$5.99,$0.00,$0.55,$0.00,$0.55,$6.54
08/15/17,114-7913636-0673056,Visa - 7632,Amazon.com,08/15/17,CA,90007-4396,Shipped,AMZN_US(TBA401202627000),$31.99,$5.99,$0.00,$0.00,$0.00,$37.98
08/22/17,111-1879312-8408239,Visa - 7632,Amazon.com,08/24/17,CA,90007-4396,Shipped,USPS(9341989692090136098941),$7.78,$0.00,$0.00,$0.00,$0.00,$7.78
08/23/17,111-0998503-1041067,American Express - 1003,Amazon.com,08/24/17,CA,90007-4396,Shipped,AMZN_US(TBA415351492000),$28.71,$0.00,$1.73,$0.00,$1.73,$30.44
08/27/17,111-8617292-3368218,American Express - 1003,Amazon.com,08/28/17,MA,01970-1252,Shipped,UPS(1ZY4V3640305249599),$38.00,$0.00,$0.00,$0.00,$0.00,$38.00
08/27/17,111-8617292-3368218,American Express - 1003,Amazon.com,08/28/17,MA,01970-1252,Shipped,SUREPOST(1Z933E6VYW02254700),$28.70,$0.00,$0.00,$0.00,$0.00,$28.70
09/02/17,111-7368402-5881827,American Express - 1003,Amazon.com,09/03/17,CA,90007-4396,Shipped,AMZN_US(TBA428368852000),$38.00,$0.00,$3.52,$0.00,$3.52,$41.52
09/02/17,111-7368402-5881827,American Express - 1003,Amazon.com,09/03/17,CA,90007-4396,Shipped,AMZN_US(TBA428388680000),$28.70,$0.00,$0.00,$0.00,$0.00,$28.70
09/12/17,111-1023069-2097837,American Express - 1003,Amazon.com,09/13/17,MA,01970-1252,Shipped,USPS(9361289684090313753300),$19.99,$0.00,$0.00,$0.00,$0.00,$19.99
09/21/17,111-9780479-4615418,American Express - 1003,Amazon.com,09/22/17,CA,90007-4396,Shipped,AMZN_US(TBA455069000000),$16.80,$0.00,$1.55,$0.00,$1.55,$18.35
09/22/17,111-4482638-4197840,American Express - 1003,Amazon.com,09/22/17,CA,90007-4396,Shipped,AMZN_US(TBA456100873000),$28.08,$0.00,$0.00,$0.00,$0.00,$28.08
09/27/17,111-9336112-8196246,American Express - 1003,Amazon.com,09/27/17,CA,90007-4396,Shipped,AMZN_US(TBA463445654000),$14.99,$0.00,$0.00,$0.00,$0.00,$14.99
10/04/17,111-6791784-4806632,American Express - 1003,Amazon.com,10/05/17,CA,90007-4396,Shipped,AMZN_US(TBA475337652000),$9.13,$0.00,$0.87,$0.00,$0.87,$10.00
10/16/17,111-1050245-3170632,American Express - 1003,Amazon.com,10/16/17,CA,90007-4396,Shipped,AMZN_US(TBA493444285000),$8.95,$0.00,$0.00,$0.00,$0.00,$8.95
10/29/17,111-2906521-3557815,American Express - 1003,Amazon.com,10/30/17,CA,90007-4396,Shipped,AMZN_US(TBA516186985000),$16.99,$3.00,$1.61,$3.00,$1.61,$18.60
10/29/17,111-2906521-3557815,American Express - 1003,Amazon.com,10/30/17,CA,90007-4396,Shipped,AMZN_US(TBA516420888000),$28.07,$2.99,$2.67,$2.99,$2.67,$30.74
11/05/17,111-2427206-7643451,American Express - 1003,Amazon.com,11/05/17,CA,90007-4396,Shipped,AMZN_US(TBA529108664000),$7.99,$0.00,$0.00,$0.00,$0.00,$7.99
11/05/17,111-2427206-7643451,American Express - 1003,Amazon.com,11/06/17,CA,90007-4396,Shipped,AMZN_US(TBA529834173000),$12.99,$0.00,$1.23,$0.00,$1.23,$14.22
11/11/17,111-8145324-3953842,American Express - 1003,Amazon.com,11/12/17,CA,90007-4396,Shipped,AMZN_US(TBA542897714000),$27.99,$0.00,$2.66,$0.00,$2.66,$30.65
11/12/17,111-5348970-6303429,American Express - 1003,Amazon.com,11/12/17,CA,90007-4396,Shipped,AMZN_US(TBA542897714000),$19.99,$0.00,$0.00,$0.00,$0.00,$19.99
11/12/17,111-8731445-1825826,American Express - 1003,Amazon.com,11/12/17,CA,90007-4396,Shipped,AMZN_US(TBA542897714000),$5.99,$0.00,$0.00,$0.00,$0.00,$5.99
11/12/17,111-1930793-1747454,American Express - 1003,Amazon.com,11/12/17,CA,90007-4396,Shipped,AMZN_US(TBA542897714000),$15.99,$0.00,$0.00,$0.00,$0.00,$15.99
11/17/17,112-5756099-5461038,American Express - 1003,Amazon.com,11/19/17,CA,90007-4396,Shipped,AMZN_US(TBA556922973000),$17.84,$0.00,$0.00,$0.00,$0.00,$17.84
11/21/17,112-4234365-9549806,American Express - 1003,Amazon.com,11/22/17,CA,90007-4396,Shipped,AMZN_US(TBA562826873000),$17.99,$0.00,$1.71,$0.00,$1.71,$19.70
11/27/17,114-0589175-8713031,American Express - 1003,Amazon.com,11/27/17,,,Shipped,,$59.99,$0.00,$0.00,$0.00,$0.00,$59.99
12/15/17,114-9008127-6787469,Visa - 7632,Amazon.com,12/16/17,MA,1970,Shipped,USPS(9341989684090088954297),$15.31,$0.00,$0.96,$0.00,$0.96,$16.27
12/17/17,114-6547233-4369846,American Express - 1003,Amazon.com,12/19/17,CA,90007-4396,Shipped,UPS(1Z9R82E10312609016),$73.68,$0.00,$5.51,$0.00,$5.51,$79.19
12/17/17,114-6547233-4369846,American Express - 1003,Amazon.com,12/18/17,CA,90007-4396,Shipped,AMZN_US(TBA630018765000),$32.98,$0.00,$1.61,$3.00,$1.61,$31.59
12/28/17,114-7570922-2103443,American Express - 1003,Amazon.com,12/29/17,CA,90007-4396,Shipped,AMZN_US(TBA652663324000),$8.99,$0.00,$0.85,$0.00,$0.85,$9.84
01/16/18,114-6111745-5956232,American Express - 1003,Amazon.com,01/16/18,CA,90007-4396,Shipped,AMZN_US(TBA690724011000),$21.69,$0.00,$0.53,$0.25,$0.53,$21.97
01/16/18,114-6111745-5956232,American Express - 1003,Amazon.com,01/16/18,CA,90007-4396,Shipped,AMZN_US(TBA690486413000),$29.01,$0.00,$2.75,$0.00,$2.75,$31.76
01/25/18,114-0414916-8172201,American Express - 1003,Amazon.com,01/26/18,CA,90007-4396,Shipped,AMZN_US(TBA712288299000),$19.97,$0.00,$0.00,$2.00,$0.00,$17.97
01/25/18,114-3792067-4369844,American Express - 1003,Amazon.com,01/26/18,CA,90007-4396,Shipped,UPS(1Z9A99V11260858035),$15.79,$0.00,$1.14,$0.00,$1.14,$16.93
02/11/18,114-5496812-5059444,American Express - 1003,Amazon.com,02/12/18,CA,90007-4396,Shipped,AMZN_US(TBA750748763000),$12.50,$0.00,$0.00,$0.00,$0.00,$12.50
02/11/18,114-5496812-5059444,American Express - 1003,Amazon.com,02/11/18,CA,90007-4396,Shipped,AMZN_US(TBA749251595000),$16.98,$0.00,$0.57,$0.00,$0.57,$17.55
02/12/18,114-8097109-2390602,American Express - 1003,Amazon.com,02/12/18,CA,90007-4396,Shipped,AMZN_US(TBA751355489000),$24.99,$0.00,$0.00,$0.00,$0.00,$24.99
02/22/18,114-6790438-0819408,American Express - 1003,Amazon.com,02/23/18,CA,90007-4396,Shipped,AMZN_US(TBA774662284000),$11.18,$0.00,$1.06,$0.00,$1.06,$12.24
03/06/18,114-8222022-6758623,American Express - 1003,Amazon.com,03/07/18,CA,90007-4396,Shipped,AMZN_US(TBA802112871000),$9.99,$0.00,$0.00,$0.00,$0.00,$9.99
03/06/18,114-8222022-6758623,American Express - 1003,Amazon.com,03/07/18,CA,90007-4396,Shipped,AMZN_US(TBA801623712000),$5.09,$0.00,$0.48,$0.00,$0.48,$5.57
03/15/18,114-5316907-5345853,American Express - 1003,Amazon.com,03/15/18,CA,90007-4396,Shipped,AMZN_US(TBA821666533000),$41.63,$0.00,$0.00,$7.00,$0.00,$34.63
03/19/18,114-4164724-1493039,American Express - 1003,Amazon.com,03/21/18,CA,90007-4396,Shipped,AMZN_US(TBA834151304000),$21.95,$0.00,$0.00,$0.00,$0.00,$21.95
03/31/18,114-4517138-5906661,American Express - 1003,Amazon.com,04/01/18,CA,90007-4396,Shipped,AMZN_US(TBA859538062000),$35.53,$0.00,$0.00,$0.00,$0.00,$35.53
04/07/18,114-5313112-0913037,American Express - 1003,Amazon.com,04/09/18,MA,1970,Shipped,UPS(1ZY1172X0203437099),$14.99,$0.00,$0.94,$0.00,$0.94,$15.93
04/10/18,114-3455941-0716221,American Express - 1003,Amazon.com,04/12/18,CA,90007-4396,Shipped,AMZN_US(TBA880708429000),$14.00,$0.00,$1.33,$0.00,$1.33,$15.33
04/16/18,114-1264489-5085055,American Express - 1003,Amazon.com,04/17/18,CA,90007-4396,Shipped,AMZN_US(TBA897139587000),$55.00,$0.00,$5.23,$0.00,$5.23,$60.23
05/15/18,114-1507255-2637851,American Express - 1003 and Gift Certificate/Card,Amazon.com,05/15/18,CA,90007-4396,Shipped,AMZN_US(TBA962952370000),$6.50,$0.00,$0.00,$0.00,$0.00,$6.50
05/15/18,114-1507255-2637851,American Express - 1003 and Gift Certificate/Card,Amazon.com,05/15/18,CA,90007-4396,Shipped,AMZN_US(TBA963737326000),$29.99,$0.00,$0.00,$0.00,$0.00,$29.99
05/20/18,114-9171061-3956201,Gift Certificate/Card,Amazon.com,05/21/18,CA,90007-4396,Shipped,AMZN_US(TBA976113095000),$34.99,$0.00,$3.32,$0.00,$3.32,$38.31
05/21/18,114-1553455-8075447,Visa - 0132,Amazon.com,05/22/18,CA,90007-4396,Shipped,AMZN_US(TBA978743157000),$13.65,$0.00,$1.30,$0.00,$1.30,$14.95
05/26/18,114-9442839-4630609,Gift Certificate/Card and American Express - 1003,Amazon.com,05/27/18,CA,90007-4396,Shipped,AMZN_US(TBA990225717000),$24.21,$0.00,$1.27,$0.00,$1.27,$25.48
05/29/18,114-8257070-9820202,American Express - 1003,Amazon.com,05/30/18,CA,90007-4396,Shipped,AMZN_US(TBA998501139000),$46.06,$0.00,$0.00,$0.30,$0.00,$45.76
05/29/18,114-8257070-9820202,American Express - 1003,Amazon.com,05/31/18,CA,90007-4396,Shipped,AMZN_US(TBA998884098000),$14.73,$0.00,$0.00,$0.00,$0.00,$14.73
06/07/18,111-1450497-9794620,American Express - 1003,Amazon.com,06/08/18,CA,90007-4396,Shipped,USPS(9200192148980242424548),$5.89,$0.00,$0.00,$0.00,$0.00,$5.89
06/13/18,111-8285673-9884226,American Express - 1003,Amazon.com,06/14/18,CA,90007-4396,Shipped,AMZN_US(TBA034576072000),$13.97,$0.00,$0.00,$1.40,$0.00,$12.57
06/20/18,111-8785492-7941840,American Express - 1003,Amazon.com,06/21/18,CA,90007-4396,Shipped,AMZN_US(TBA050728508000),$56.90,$0.00,$2.66,$0.00,$2.66,$59.56
06/20/18,111-3955885-3987410,Visa - 8537,Amazon.com,06/21/18,CA,90007-4396,Shipped,AMZN_US(TBA050785490000),$12.97,$0.00,$0.00,$0.00,$0.00,$12.97
06/28/18,111-1986489-9397804,American Express - 1003,Amazon.com,06/29/18,CA,90007-4396,Shipped,AMZN_US(TBA070529303000),$6.99,$0.00,$0.00,$0.00,$0.00,$6.99
06/28/18,111-4679209-2449827,American Express - 1003,Amazon.com,06/29/18,CA,90007-4396,Shipped,USPS(9361289711090241024469),$13.99,$0.00,$1.33,$0.00,$1.33,$15.32
07/23/18,111-5675188-6141836,American Express - 1003,Amazon.com,07/24/18,CA,90007-4396,Shipped,AMZN_US(TBA132204478000),$29.70,$0.00,$0.00,$0.00,$0.00,$29.70
07/23/18,111-7195840-6447405,American Express - 1003,Amazon.com,07/24/18,CA,90007-4396,Shipped,AMZN_US(TBA130814258000),$107.99,$5.99,$10.26,$5.99,$10.26,$118.25
07/23/18,111-8601861-3831406,American Express - 1003,Amazon.com,07/24/18,CA,90007-4396,Shipped,UPS(1ZV761870300837346),$179.99,$0.00,$0.00,$0.00,$0.00,$179.99
07/28/18,111-6500477-9656255,American Express - 1003,Amazon.com,07/29/18,CA,90007-4396,Shipped,AMZN_US(TBA144937121000),$25.49,$0.00,$2.42,$0.00,$2.42,$27.91
08/05/18,112-3377299-8803452,Visa - 8217,Amazon.com,08/06/18,,,Shipped,AMZN_US(TBA163219831000),$4.99,$0.00,$0.47,$0.00,$0.47,$5.46
08/13/18,111-3486032-6386635,Visa - 8217,Amazon.com,08/14/18,CA,90007-2127,Shipped,UPS(1Z7F035X0309384449),$67.67,$0.00,$6.43,$0.00,$6.43,$74.10
08/13/18,111-1351815-2557801,Visa - 8217,Amazon.com,08/14/18,,,Shipped,AMZN_US(TBA183434808000),$25.99,$0.00,$0.00,$0.00,$0.00,$25.99
08/24/18,112-3501463-8477030,Visa - 8217,Amazon.com,08/24/18,CA,90007-2127,Shipped,AMZN_US(TBA210795528000),$49.99,$0.00,$4.69,$0.57,$4.69,$54.11
09/29/18,111-0885880-4502655,Visa - 8217,Amazon.com,09/30/18,CA,90007-2127,Shipped,AMZN_US(TBA304586264000),$17.12,$0.00,$1.63,$0.00,$1.63,$18.75
10/05/18,113-1817281-1292241,Visa - 8217,Amazon.com,10/05/18,,,Shipped,,$0.00,$0.00,$0.00,$0.00,$0.00,$0.00
10/11/18,111-8926916-5780239,Visa - 8217,Amazon.com,10/12/18,CA,90007-2127,Shipped,AMZN_US(TBA336204671000),$49.97,$0.00,$0.95,$0.00,$0.95,$50.92
10/11/18,111-8926916-5780239,Visa - 8217,Amazon.com,10/12/18,CA,90007-2127,Shipped,AMZN_US(TBA338520602000),$87.29,$0.00,$5.71,$0.00,$5.71,$93.00
10/12/18,111-9443223-7308213,Visa - 8217,Amazon.com,10/13/18,CA,90007-2127,Shipped,FEDEX(460250218265),$34.77,$0.00,$0.00,$0.00,$0.00,$34.77
10/21/18,111-4629577-2765844,Visa - 8217,Amazon.com,10/21/18,CA,90007-2127,Shipped,AMZN_US(TBA364979202000),$29.92,$0.00,$2.84,$0.00,$2.84,$32.76
10/21/18,111-4629577-2765844,Visa - 8217,Amazon.com,10/22/18,CA,90007-2127,Shipped,AMZN_US(TBA364695858000),$59.99,$0.00,$5.70,$0.00,$5.70,$65.69
10/24/18,111-1650893-5226628,Visa - 8217,Amazon.com,10/25/18,CA,90007-2127,Shipped,AMZN_US(TBA374817464000),$17.55,$0.00,$0.00,$0.00,$0.00,$17.55
10/25/18,111-4117463-8731427,Visa - 8217,Amazon.com,10/25/18,CA,90007-2127,Shipped,USPS(9341989711090363742925),$16.20,$0.00,$1.54,$0.00,$1.54,$17.74
10/25/18,111-8259139-4177814,Visa - 8217,Amazon.com,10/25/18,CA,90007-2127,Shipped,USPS(9341989711090363742925),$9.49,$0.00,$0.00,$0.00,$0.00,$9.49
10/29/18,111-7082766-0134612,Visa - 8217,Amazon.com,10/30/18,CA,90007-2127,Shipped,AMZN_US(TBA389283257000),$60.96,$5.99,$5.79,$5.99,$5.79,$66.75
10/29/18,111-8227122-0861814,Visa - 8217,Amazon.com,10/30/18,CA,90007-2127,Shipped,AMZN_US(TBA390112101000),$13.99,$0.00,$0.00,$2.00,$0.00,$11.99
11/06/18,111-2029839-2416259,Visa - 8217,Amazon.com,11/06/18,CA,90007-2127,Shipped,USPS(9341989711090373954929),$9.69,$0.00,$0.00,$0.00,$0.00,$9.69
11/07/18,111-4833947-7808247,Visa - 8217,Amazon.com,11/08/18,CA,90007-2127,Shipped,USPS(9374889711090375049327),$10.97,$0.00,$1.04,$0.00,$1.04,$12.01
11/09/18,111-8739400-4808227,Visa - 8217,Amazon.com,11/10/18,CA,90007-2127,Shipped,AMZN_US(TBA423585940000),$15.95,$0.00,$0.00,$1.00,$0.00,$14.95
11/12/18,111-8156466-7826664,Visa - 8217,Amazon.com,11/13/18,CA,90007-2127,Shipped,AMZN_US(TBA433932963000),$10.74,$0.00,$0.99,$0.27,$0.99,$11.46
11/13/18,111-4277909-9159431,Visa - 8217,Amazon.com,11/13/18,CA,90007-2127,Shipped,USPS(9341989711090380457031),$14.40,$0.00,$1.37,$0.00,$1.37,$15.77
11/18/18,111-4194857-2105868,Visa - 8217,Amazon.com,11/18/18,,,Shipped,,$39.99,$0.00,$0.00,$0.00,$0.00,$39.99
11/24/18,111-8556808-4167433,Visa - 8217,Amazon.com,11/25/18,CA,90007-2127,Shipped,AMZN_US(TBA476150708000),$25.55,$0.00,$1.01,$0.00,$1.01,$26.56
11/25/18,111-8969147-3937833,Visa - 8217,Amazon.com,11/26/18,CA,90007-2127,Shipped,AMZN_US(TBA481956109000),$55.98,$0.00,$5.32,$0.00,$5.32,$61.30
12/06/18,111-5362402-3171408,Visa - 8217,Amazon.com,12/06/18,CA,90007-2127,Shipped,ONTRAC(C12340840686781),$39.99,$5.99,$3.32,$10.99,$3.32,$38.31
12/30/18,111-1118757-7505814,Visa - 0132,Amazon.com,12/30/18,CA,90007-2127,Shipped,AMZN_US(TBA634038714000),$55.98,$5.99,$0.00,$5.99,$0.00,$55.98
12/30/18,111-4154650-2624217,Visa - 0132,Amazon.com,12/30/18,CA,90007-2127,Shipped,USPS(9341989711090448558502),$15.60,$0.00,$1.48,$0.00,$1.48,$17.08
12/30/18,111-4154650-2624217,Visa - 0132,Amazon.com,12/31/18,CA,90007-2127,Shipped,USPS(9361289711090449110254),$12.26,$0.00,$1.16,$0.00,$1.16,$13.42
01/02/19,111-1335579-7383405,Visa - 0132,Amazon.com,01/02/19,CA,90007-2127,Shipped,USPS(9374889711090450890752),$17.98,$0.00,$0.00,$0.00,$0.00,$17.98
01/10/19,111-0766163-6021841,Visa - 0132,Amazon.com,01/11/19,CA,90007-2127,Shipped,AMZN_US(TBA678696966000),$60.74,$0.00,$0.00,$0.00,$0.00,$60.74
02/02/19,111-4108717-4837031,Visa - 0132,Amazon.com,02/03/19,CA,90007-2127,Shipped,AMZN_US(TBA765648078000),$39.98,$0.00,$3.80,$0.00,$3.80,$43.78
02/03/19,111-0991794-0149864,Visa - 0132,Amazon.com,02/03/19,CA,90007-2127,Shipped,AMZN_US(TBA766874080000),$25.95,$0.00,$0.00,$0.00,$0.00,$25.95
02/03/19,111-0991794-0149864,Visa - 0132,Amazon.com,02/04/19,CA,90007-2127,Shipped,AMZN_US(TBA769417682000),$26.88,$0.00,$0.00,$0.00,$0.00,$26.88
02/03/19,111-0991794-0149864,Visa - 0132,Amazon.com,02/03/19,CA,90007-2127,Shipped,USPS(9374889711090480213019),$25.95,$0.00,$0.00,$0.00,$0.00,$25.95
02/09/19,111-5623178-0842624,Visa - 8217,Amazon.com,02/09/19,CA,90007-2127,Shipped,AMZN_US(TBA791018830000),$5.95,$0.00,$0.00,$0.00,$0.00,$5.95
02/10/19,111-1364136-8437858,Visa - 8217,Amazon.com,02/10/19,CA,90007-2127,Shipped,AMZN_US(TBA794470166000),$17.97,$0.00,$1.71,$0.00,$1.71,$19.68
02/10/19,111-2979449-7006640,Visa - 8217,Amazon.com,02/11/19,CA,90007-2127,Shipped,UPS(1ZA55Y191328591218),$24.99,$0.00,$2.37,$0.00,$2.37,$27.36
02/24/19,111-8574163-7352267,Visa - 8217,Amazon.com,02/25/19,CA,90007-2127,Shipped,AMZN_US(TBA850593579000),$11.99,$0.00,$1.14,$0.00,$1.14,$13.13
02/27/19,111-0183851-0229061,Visa - 8217,Amazon.com,02/28/19,CA,90007-2127,Shipped,AMZN_US(TBA865068073000),$5.98,$0.00,$0.00,$0.00,$0.00,$5.98
03/03/19,111-8593460-5034641,Visa - 8217,Amazon.com,03/04/19,CA,90007-2127,Shipped,AMZN_US(TBA880234141000),$7.89,$0.00,$0.00,$0.00,$0.00,$7.89
03/21/19,111-5873610-2706668,Visa - 8217,Amazon.com,03/23/19,CA,90007-2127,Shipped,AMZN_US(TBA953989906000),$37.99,$0.00,$3.43,$1.90,$3.43,$39.52
03/28/19,111-0594041-8726641,Visa - 8217,Amazon.com,04/08/19,CA,90007-2127,Shipped,AMZN_US(TBA024049514000),$17.70,$0.00,$1.68,$0.00,$1.68,$19.38
03/28/19,111-6357310-3708249,Visa - 8217,Amazon.com,03/28/19,CA,90007-2127,Shipped,AMZN_US(TBA979981123000),$14.68,$0.00,$1.39,$0.00,$1.39,$16.07
04/04/19,111-7426002-7247408,Visa - 8217,Amazon.com,04/04/19,CA,90007-2127,Shipped,AMZN_US(TBA009623217000),$9.60,$0.00,$0.91,$0.00,$0.91,$10.51
04/05/19,111-7501218-7565039,Visa - 8217,Amazon.com,04/06/19,CA,90007-2127,Shipped,AMZN_US(TBA015744003000),$19.99,$0.00,$1.90,$0.00,$1.90,$21.89
04/05/19,111-7501218-7565039,Visa - 8217,Amazon.com,04/06/19,CA,90007-2127,Shipped,AMZN_US(TBA016917449000),$19.99,$0.00,$1.90,$0.00,$1.90,$21.89
04/06/19,111-6284752-5115449,Visa - 8217,Amazon.com,04/07/19,CA,90007-2127,Shipped,AMZN_US(TBA019450228000),$11.89,$0.00,$0.00,$0.00,$0.00,$11.89
04/06/19,111-6284752-5115449,Visa - 8217,Amazon.com,04/07/19,CA,90007-2127,Shipped,AMZN_US(TBA019483054000),$14.49,$0.00,$1.38,$0.00,$1.38,$15.87
04/10/19,111-0460078-0333822,Visa - 8217,Amazon.com,04/11/19,CA,90007-2127,Shipped,AMZN_US(TBA036590726000),$85.98,$0.00,$0.00,$20.00,$0.00,$65.98
04/10/19,111-7611525-1325020,Visa - 8217,Amazon.com,04/11/19,CA,90007-2127,Shipped,AMZN_US(TBA036590726000),$10.55,$0.00,$1.00,$0.00,$1.00,$11.55
04/14/19,111-8983397-1577838,Visa - 8217,Amazon.com,04/15/19,CA,90007-2127,Shipped,AMZN_US(TBA055306282000),$36.99,$0.00,$0.00,$2.00,$0.00,$34.99
04/15/19,111-3609971-5165849,Visa - 8217,Amazon.com,04/15/19,CA,90007-2127,Shipped,AMZN_US(TBA055445510000),$79.99,$5.99,$7.60,$5.99,$7.60,$87.59
04/25/19,111-6081125-6649823,Visa - 0132,Amazon.com,04/25/19,MA,01970-1252,Shipped,FedEx(786878098996),$29.99,$0.00,$1.87,$0.00,$1.87,$31.86
04/29/19,111-0824012-9374645,Visa - 8217,Amazon.com,04/30/19,CA,90007-2127,Shipped,AMZN_US(TBA119937281000),$10.99,$0.00,$0.00,$0.00,$0.00,$10.99
04/29/19,111-0824012-9374645,Visa - 8217,Amazon.com,04/30/19,CA,90007-2127,Shipped,AMZN_US(TBA119984516000),$19.33,$0.00,$1.84,$0.00,$1.84,$21.17
04/29/19,111-5056100-0169815,Visa - 8217,Amazon.com,04/29/19,CA,90007-2127,Shipped,AMZN_US(TBA117694029000),$2.99,$0.00,$0.28,$0.00,$0.28,$3.27
04/29/19,111-4251593-7004263,Visa - 8217,Amazon.com,05/11/19,CA,90007-2127,Shipped,UPS(1Z445Y940226850053),$10.97,$0.00,$1.04,$0.00,$1.04,$12.01
05/24/19,111-3558717-1264214,Visa - 8217,Amazon.com,05/25/19,CA,90007-2127,Shipped,AMZN_US(TBA240734265000),$20.67,$0.00,$1.96,$0.00,$1.96,$22.63
05/24/19,111-3757597-1038669,Visa - 8217,Amazon.com,05/25/19,CA,90007-2127,Shipped,AMZN_US(TBA239679551000),$33.97,$0.00,$0.00,$0.00,$0.00,$33.97
05/24/19,111-9620612-8910636,Visa - 8217,Amazon.com,05/28/19,CA,90007-2127,Shipped,OSM(9241990140828511005135),$6.12,$0.00,$0.58,$0.00,$0.58,$6.70
05/31/19,111-0892432-2117016,Visa - 8217,Amazon.com,06/01/19,CA,90007-2127,Shipped,AMZN_US(TBA274160823000),$14.27,$0.00,$1.36,$0.00,$1.36,$15.63
06/09/19,111-5685481-7973809,Visa - 8217,Amazon.com,06/10/19,CA,90007-2127,Shipped,AMZN_US(TBA319900295000),$8.39,$0.00,$0.80,$0.00,$0.80,$9.19
06/15/19,111-5706792-7379415,Visa - 8217,Amazon.com,06/15/19,CA,90007-2127,Shipped,AMZN_US(TBA346745747000),$17.98,$0.00,$1.71,$0.00,$1.71,$19.69
06/29/19,111-4948620-9739416,Visa - 8217,Amazon.com,06/30/19,CA,90007-2127,Shipped,AMZN_US(TBA420798813000),$12.99,$0.00,$0.00,$0.00,$0.00,$12.99
06/29/19,111-4948620-9739416,Visa - 8217,Amazon.com,06/30/19,CA,90007-2127,Shipped,AMZN_US(TBA421008964000),$28.48,$0.00,$0.00,$0.00,$0.00,$28.48
07/09/19,111-2426510-0327435,Visa - 8217,Amazon.com,07/10/19,,,Shipped,AMZN_US(TBA470972669000),$39.77,$3.99,$3.78,$3.99,$3.78,$43.55
07/09/19,111-2426510-0327435,Visa - 8217,Amazon.com,07/11/19,,,Shipped,AMZN_US(TBA474419273000),$14.24,$3.99,$1.35,$3.99,$1.35,$15.59
07/09/19,111-2038706-4410644,Visa - 8217,Amazon.com,07/10/19,CA,90007-2127,Shipped,AMZN_US(TBA470175532000),$35.37,$0.00,$3.36,$0.00,$3.36,$38.73
07/14/19,111-6289950-6241007,Visa - 8217,Amazon.com,07/15/19,,,Shipped,AMZN_US(TBA496302104000),$29.98,$0.00,$0.00,$0.90,$0.00,$29.08
07/31/19,111-2323366-5064236,Visa - 8217,Amazon.com,08/01/19,,,Shipped,AMZN_US(TBA597180417000),$46.77,$0.00,$1.21,$0.00,$1.21,$47.98
07/31/19,111-8143935-0299469,Visa - 8217,Amazon.com,08/01/19,CA,90802-5302,Shipped,AMZN_US(TBA598248163000),$23.98,$0.00,$2.46,$0.00,$2.46,$26.44
09/02/19,111-2809082-5932223,Visa - 8217,Amazon.com,09/03/19,,,Shipped,AMZN_US(TBA780799800000),$20.75,$0.00,$0.00,$0.00,$0.00,$20.75
09/02/19,111-2809082-5932223,Visa - 8217,Amazon.com,09/03/19,,,Shipped,AMZN_US(TBA776407870000),$22.19,$0.00,$2.27,$0.00,$2.27,$24.46
09/02/19,111-3508980-8966635,Visa - 8217,Amazon.com,09/03/19,CA,90802-5302,Shipped,UPS(1Z8V78A00303123163),$11.99,$0.00,$1.23,$0.80,$1.23,$12.42
09/02/19,111-5145149-8077818,Visa - 8217,Amazon.com,09/03/19,,,Shipped,AMZN_US(TBA777587065000),$47.49,$3.99,$3.63,$4.20,$3.63,$50.91
09/08/19,112-3016485-8867448,Visa - 8217,Amazon.com,09/09/19,,,Shipped,AMZN_US(TBA810164401000),$21.49,$0.00,$0.00,$0.00,$0.00,$21.49
09/14/19,111-0428840-7857040,Visa - 8217,Amazon.com,09/15/19,,,Shipped,AMZN_US(TBA842708963000),$44.95,$3.99,$1.43,$3.99,$1.43,$46.38
09/15/19,111-0021330-7338625,Visa - 8217,Amazon.com,09/17/19,CA,90802-5302,Shipped,AMZN_US(TBA848964850000),$61.18,$0.00,$6.28,$0.00,$6.28,$67.46
09/24/19,111-5517844-4735455,Visa - 8217,Amazon.com,09/25/19,,,Shipped,AMZN_US(TBA899662748000),$48.13,$0.00,$0.00,$0.00,$0.00,$48.13
10/08/19,111-8612882-6992219,Visa - 8217,Amazon.com,10/09/19,,,Shipped,AMZN_US(TBA978282253000),$29.99,$0.00,$3.07,$0.00,$3.07,$33.06
10/11/19,111-5806952-8401804,Visa - 8217,Amazon.com,10/12/19,CA,90802-5302,Shipped,AMZN_US(TBA997323739000),$14.99,$0.00,$1.54,$0.00,$1.54,$16.53
10/14/19,111-1238249-0310664,Visa - 8217,Amazon.com,10/14/19,,,Shipped,AMZN_US(TBA011483912000),$38.76,$0.00,$3.97,$0.00,$3.97,$42.73
10/23/19,112-2231315-9829838,Visa - 9487,Amazon.com,10/24/19,CA,90802-5302,Shipped,AMZN_US(TBA068129908000),$14.99,$0.00,$1.54,$0.00,$1.54,$16.53
10/30/19,111-6378673-4041022,Visa - 8217,Amazon.com,10/30/19,CA,90802-5302,Shipped,AMZN_US(TBA109862566000),$61.80,$0.00,$6.34,$0.00,$6.34,$68.14
11/07/19,111-0982182-3501008,Visa - 8217,Amazon.com,11/08/19,CA,90802-5302,Shipped,AMZN_US(TBA160946214000),$26.40,$0.00,$2.71,$0.00,$2.71,$29.11
11/10/19,112-5899202-2473030,Visa - 9487,Amazon.com,11/10/19,,,Shipped,AMZN_US(TBA179989534000),$42.73,$0.00,$4.02,$3.40,$4.02,$43.35
11/13/19,111-2672460-3271468,Visa - 8217,Amazon.com,11/14/19,,,Shipped,AMZN_US(TBA203409236000),$15.96,$0.00,$1.63,$0.00,$1.63,$17.59
11/18/19,111-5773317-9417813,Visa - 8217,Amazon.com,11/18/19,MA,02151-1377,Shipped,AMZN_US(TBA236727885000),$26.96,$0.00,$1.69,$0.00,$1.69,$32.64
11/23/19,111-1273104-2277809,Visa - 8217,Amazon.com,11/25/19,,,Shipped,AMZN_US(TBA281302912000),$12.74,$0.00,$1.31,$0.00,$1.31,$14.05
11/26/19,111-1407690-1187406,Visa - 8217,Amazon.com,11/27/19,CA,90802-5302,Shipped,AMZN_US(TBA298207961000),$94.99,$0.00,$9.25,$4.75,$9.25,$99.49
11/28/19,111-5067503-1444259,Visa - 8217,Amazon.com,11/29/19,CA,90802-5302,Shipped,AMZN_US(TBA307341230000),$103.97,$0.00,$8.93,$16.87,$8.93,$96.03
11/30/19,111-5031368-6732208,Visa - 8217 and Gift Certificate/Card,Amazon.com,12/03/19,CA,90802-5302,Shipped,USPS(9374889711090750972264),$6.00,$0.00,$0.00,$0.00,$0.00,$6.00
11/30/19,111-8154027-0013808,Visa - 8217 and Gift Certificate/Card,Amazon.com,12/01/19,CA,90802-5302,Shipped,AMZN_US(TBA325243328000),$12.88,$0.00,$1.22,$1.00,$1.22,$13.10
12/31/19,112-5780324-7585831,Visa - 0508,Amazon.com,01/02/20,CA,90802-5302,Shipped,AMZN_US(TBA579474080000),$12.54,$0.00,$1.29,$0.00,$1.29,$13.83
12/31/19,112-5780324-7585831,Visa - 0508,Amazon.com,01/02/20,CA,90802-5302,Shipped,AMZN_US(TBA580025178000),$48.37,$0.00,$4.95,$0.00,$4.95,$53.32
12/31/19,112-5780324-7585831,Visa - 0508,Amazon.com,01/02/20,CA,90802-5302,Shipped,AMZN_US(TBA580738888000),$12.99,$0.00,$1.33,$0.00,$1.33,$14.32
01/06/20,111-9766681-6821805,Visa - 8217,Amazon.com,01/06/20,CA,90802-5302,Shipped,USPS(9361289711090793340017),$28.99,$0.00,$2.97,$0.00,$2.97,$31.96
01/10/20,111-1110258-1877841,Visa - 8217,Amazon.com,01/10/20,,,Shipped,AMZN_US(TBA644946177000),$119.90,$0.00,$12.28,$0.00,$12.28,$132.18
01/28/20,111-6773307-5987409,Visa - 8217,Amazon.com,01/28/20,,,Shipped,AMZN_US(TBA773272544000),$26.98,$0.00,$1.49,$0.00,$1.49,$28.47
01/31/20,112-6127134-9708220,Visa - 8217,Amazon.com,02/03/20,CA,90802-5302,Shipped,OSM(9241990140830128175781),$6.15,$0.00,$0.63,$0.00,$0.63,$6.78
01/31/20,112-8095012-2517852,Visa - 8217,Amazon.com,02/01/20,CA,90802-5302,Shipped,AMZN_US(TBA794005407000),$9.28,$0.00,$0.95,$0.00,$0.95,$10.23
01/31/20,111-1446940-5582628,Visa - 8217,Amazon.com,02/01/20,,,Shipped,AMZN_US(TBA794754070000),$14.39,$0.00,$1.47,$0.00,$1.47,$15.86
02/05/20,111-6962351-4558601,Visa - 8217,Amazon.com,02/05/20,CA,90802-5302,Shipped,AMZN_US(TBA825576714000),$16.89,$0.00,$1.73,$0.00,$1.73,$18.62
02/19/20,111-9865747-4101021,Visa - 0508,Amazon.com,02/20/20,CA,90802-5302,Shipped,AMZN_US(TBA925999285000),$97.96,$0.00,$10.04,$0.00,$10.04,$108.00
03/09/20,111-9613314-3305043,Visa - 8217,Amazon.com,03/10/20,,,Shipped,AMZN_US(TBA059318183000),$28.97,$0.00,$2.97,$0.00,$2.97,$31.94
04/08/20,111-4191081-0597857,Visa - 8217,Amazon.com,04/11/20,CA,90802-5302,Shipped,AMZN_US(TBA006518588901),$39.49,$0.00,$4.05,$0.00,$4.05,$43.54
04/08/20,111-8532503-8333849,Visa - 8217,Amazon.com,04/09/20,CA,90802-5302,Shipped,USPS(9274890238403600919378),$7.99,$0.00,$0.82,$0.00,$0.82,$8.81
04/16/20,114-2663251-6151452,Visa - 8217,Amazon.com,04/18/20,CA,90802-5302,Shipped,USPS(9361289711090899728955),$73.99,$0.00,$7.58,$0.00,$7.58,$81.57
04/16/20,114-2663251-6151452,Visa - 8217,Amazon.com,04/18/20,CA,90802-5302,Shipped,AMZN_US(TBA012150613501),$13.49,$0.00,$1.28,$1.00,$1.28,$13.77
04/16/20,114-2663251-6151452,Visa - 8217,Amazon.com,04/18/20,CA,90802-5302,Shipped,AMZN_US(TBA012210986901),$11.17,$0.00,$1.14,$0.00,$1.14,$12.31
04/19/20,114-0901813-7252266,Visa - 0508,Amazon.com,04/20/20,CA,90802-5302,Shipped,USPS(9274890238403602003716),$6.86,$0.00,$0.70,$0.00,$0.70,$7.56
04/19/20,114-6696237-3163431,Visa - 0508,Amazon.com,04/19/20,CA,90802-5302,Shipped,UPS(1Z6A392F0302864527),$10.97,$0.00,$1.12,$0.00,$1.12,$12.09
04/19/20,114-6696237-3163431,Visa - 0508,Amazon.com,04/23/20,CA,90802-5302,Shipped,UPS(1Z0640RX1333975074),$25.97,$0.00,$2.65,$0.00,$2.65,$28.62
04/19/20,114-8857259-5253824,Visa - 0508,Amazon.com,04/22/20,CA,90802-5302,Shipped,USPS(9205590100039235002283),$9.89,$0.00,$1.01,$0.00,$1.01,$10.90
05/01/20,114-7892810-9957816,Visa - 8217,Amazon.com,05/02/20,MA,01970-5229,Shipped,USPS(9341989684090202527086),$16.20,$0.00,$1.01,$0.00,$1.01,$17.21
05/12/20,114-5594216-9297016,Visa - 8217,Amazon.com,05/15/20,CA,90802-5302,Shipped,USPS(9361289711090937946990),$10.96,$0.00,$1.12,$0.00,$1.12,$12.08
05/12/20,114-7038412-5055422,Visa - 8217,Amazon.com,05/16/20,CA,90802-5302,Shipped,UPS(1Z9YF2161311644034),$25.97,$0.00,$2.66,$0.00,$2.66,$28.63
05/12/20,114-7038412-5055422,Visa - 8217,Amazon.com,05/13/20,CA,90802-5302,Shipped,AMZN_US(TBA032639649501),$22.07,$0.00,$2.26,$0.00,$2.26,$24.33
05/14/20,114-8932654-9682626,Visa - 8217,Amazon.com,05/19/20,MA,01923-2043,Shipped,AMZN_US(TBA224355438000),$15.60,$0.00,$0.98,$0.00,$0.98,$16.58
05/18/20,114-4450659-6324260,Visa - 8217,Amazon.com,05/19/20,CA,90802-5302,Shipped,AMZN_US(TBA038074189301),$19.99,$0.00,$2.05,$0.00,$2.05,$22.04